"","Period","Species","Area","Centroid_X","Centroid_Y","Elevation","Contraction","Distance","Overlap","Shift_Accelerate","Double_Back","Double_Back_Relative","PoleShift","Elevation_Group","PoleShift_km","Extinction","Extinction_Overlap"
"1","Present","Saxifraga adscendens",1681540.03,-46.0805065562533,63.0258937179473,1380.41,0,0,1,"1",0,0,0,"0",0,0,0
"2","Present","Saxifraga aizoides",911436.68,-33.2118613927533,58.8022680381985,552.01,0,0,1,"1",0,0,0,"0",0,0,0
"3","Present","Saxifraga andersonii",774956.26,89.8128137086719,30.0545599938052,4688.34,0,0,1,"1",0,0,0,"1",0,0,0
"4","Present","Saxifraga androsacea",343946.06,20.5442342248431,57.2599351719482,1357.85,0,0,1,"1",0,0,0,"0",0,0,0
"5","Present","Saxifraga aphylla",25918.02,13.2038682148853,47.5200172542436,1582.99,0,0,1,"1",0,0,0,"0",0,0,0
"6","Present","Saxifraga aquatica",92136.56,6.8030288029991,47.296422065579,1228.31,0,0,1,"1",0,0,0,"0",0,0,0
"7","Present","Saxifraga aretioides",37305.73,-1.18535066341728,47.567052531817,1129.06,0,0,1,"1",0,0,0,"0",0,0,0
"8","Present","Saxifraga aristulata",157208.82,98.4109183471728,29.1817714511665,4214.46,0,0,1,"1",0,0,0,"1",0,0,0
"9","Present","Saxifraga aspera",25551.39,7.52887383363113,44.2963693666865,2067.27,0,0,1,"1",0,0,0,"0",0,0,0
"10","Present","Saxifraga babiana",13417.54,-4.07025761124122,42.3966139734582,1492.49,0,0,1,"1",0,0,0,"0",0,0,0
"11","Present","Saxifraga bergenioides",351210.69,89.984103454416,27.4033831908832,3016.26,0,0,1,"1",0,0,0,"1",0,0,0
"12","Present","Saxifraga biflora",13693.8,6.12644389438944,45.1726026769344,2322.09,0,0,1,"1",0,0,0,"0",0,0,0
"13","Present","Saxifraga biternata",22537.46,-5.02836501163693,35.5231930437031,656.34,0,0,1,"1",0,0,0,"0",0,0,0
"14","Present","Saxifraga bourgaeana",14831.37,-5.39485294117647,36.0298529411765,631.85,0,0,1,"1",0,0,0,"0",0,0,0
"15","Present","Saxifraga bryoides",47686.62,5.16944357530246,47.5564768460576,1704.25,0,0,1,"1",0,0,0,"0",0,0,0
"16","Present","Saxifraga burseriana",30602.71,14.7535559495666,47.692366036249,1264.96,0,0,1,"1",0,0,0,"0",0,0,0
"17","Present","Saxifraga caesia",72565.81,10.4020382905638,46.5374781100559,1849.51,0,0,1,"1",0,0,0,"0",0,0,0
"18","Present","Saxifraga callosa",105705.72,8.13623459997031,42.7148860768888,1257.09,0,0,1,"1",0,0,0,"0",0,0,0
"19","Present","Saxifraga camposii",22571.17,-2.87616616238023,36.9008131618759,1229.2,0,0,1,"1",0,0,0,"0",0,0,0
"20","Present","Saxifraga canaliculata",11689.23,-4.20252457551385,42.7551943699732,1379.06,0,0,1,"1",0,0,0,"0",0,0,0
"21","Present","Saxifraga capitata",1098118.71,-41.208968345372,55.1966324328555,437.45,0,0,1,"1",0,0,0,"0",0,0,0
"22","Present","Saxifraga cardiophylla",161439.73,98.3317692115481,29.6755011917118,4289.76,0,0,1,"1",0,0,0,"1",0,0,0
"23","Present","Saxifraga carpetana",85212.73,-1.34671524240709,41.0053959944664,1117.74,0,0,1,"1",0,0,0,"0",0,0,0
"24","Present","Saxifraga cebennensis",207878.71,-0.292244706871512,42.8796482075976,690.61,0,0,1,"1",0,0,0,"0",0,0,0
"25","Present","Saxifraga cernua",1472866.11,-4.63162683251522,60.0248744492666,1246.76,0,0,1,"1",0,0,0,"0",0,0,0
"26","Present","Saxifraga cespitosa",871668.29,-19.0106366533486,62.875782073235,508.38,0,0,1,"1",0,0,0,"0",0,0,0
"27","Present","Saxifraga chrysantha",14279.19,-110.519330601093,43.7610428051002,3078.54,0,0,1,"1",0,0,0,"1",0,0,0
"28","Present","Saxifraga cintrana",3829.02,-9.14889971139971,39.1898448773449,122.28,0,0,1,"1",0,0,0,"0",0,0,0
"29","Present","Saxifraga cochlearis",154355.7,5.72736344010443,45.1890940355457,805.46,0,0,1,"1",0,0,0,"0",0,0,0
"30","Present","Saxifraga conifera",6659.42,-5.1268137254902,42.7769117647059,1511.11,0,0,1,"1",0,0,0,"0",0,0,0
"31","Present","Saxifraga consanguinea",397529.35,98.4489756693198,32.4922157651954,4264.27,0,0,1,"1",0,0,0,"1",0,0,0
"32","Present","Saxifraga cortusifolia",37857.82,135.033874941342,35.0615614734866,535.73,0,0,1,"1",0,0,0,"0",0,0,0
"33","Present","Saxifraga cotyledon",224616.44,4.92783958747324,60.2939898254694,436.92,0,0,1,"1",0,0,0,"0",0,0,0
"34","Present","Saxifraga crustata",73090.43,13.5107993876464,47.0615431975506,1546.17,0,0,1,"1",0,0,0,"0",0,0,0
"35","Present","Saxifraga cuneata",87052.34,-0.120097375233279,42.7435547227741,1281.12,0,0,1,"1",0,0,0,"0",0,0,0
"36","Present","Saxifraga cuneifolia",136365.35,12.6249211210097,44.7678266518189,1287.14,0,0,1,"1",0,0,0,"0",0,0,0
"37","Present","Saxifraga diapensioides",11605.94,7.01492006132282,44.0911903197547,2286.29,0,0,1,"1",0,0,0,"0",0,0,0
"38","Present","Saxifraga dichotoma",95494.46,-2.57049451164874,41.0667842741935,1123.82,0,0,1,"1",0,0,0,"0",0,0,0
"39","Present","Saxifraga diversifolia",264774.2,99.121703409759,28.8671266901822,3780.3,0,0,1,"1",0,0,0,"1",0,0,0
"40","Present","Saxifraga egregia",647619.1,87.5388915899877,28.9769412837557,1630.76,0,0,1,"1",0,0,0,"0",0,0,0
"41","Present","Saxifraga erioblasta",15164.96,-3.31959523809524,36.126119047619,1270.34,0,0,1,"1",0,0,0,"0",0,0,0
"42","Present","Saxifraga eschscholtzii",2750594.31,17.0619087083055,56.0977975602833,1002.91,0,0,1,"1",0,0,0,"0",0,0,0
"43","Present","Saxifraga exarata",60236.13,11.5589024236304,45.2275046284608,1931.79,0,0,1,"1",0,0,0,"0",0,0,0
"44","Present","Saxifraga federici-augusti",65601.43,20.5443263497509,40.3970993629012,1208.67,0,0,1,"1",0,0,0,"0",0,0,0
"45","Present","Saxifraga felineri",16303.64,-1.28477579556413,42.7236218257795,1718.03,0,0,1,"1",0,0,0,"0",0,0,0
"46","Present","Saxifraga filicaulis",460626.33,92.847724557402,28.3729940534376,4027.64,0,0,1,"1",0,0,0,"1",0,0,0
"47","Present","Saxifraga finitima",137010.77,98.122091642925,30.1957869805092,4454.78,0,0,1,"1",0,0,0,"1",0,0,0
"48","Present","Saxifraga flagellaris",17698.69,43.6210845153664,42.8594858156028,2800.95,0,0,1,"1",0,0,0,"1",0,0,0
"49","Present","Saxifraga fortunei",86477.04,130.273179177837,34.1964193648175,376.82,0,0,1,"1",0,0,0,"0",0,0,0
"50","Present","Saxifraga fragosoi",111473.09,-0.0397078259227793,42.5948739733786,1022.78,0,0,1,"1",0,0,0,"0",0,0,0
"51","Present","Saxifraga gemmipara",175653.8,102.023227653016,25.1769961837663,2095.76,0,0,1,"1",0,0,0,"0",0,0,0
"52","Present","Saxifraga gemmulosa",38106.09,-6.2069356896293,37.4737261743959,488.14,0,0,1,"1",0,0,0,"0",0,0,0
"53","Present","Saxifraga genesiana",44773.27,1.38653593088454,43.972758610825,575.92,0,0,1,"1",0,0,0,"0",0,0,0
"54","Present","Saxifraga geranioides",131975.25,3.32514098067533,49.2591508493226,718.92,0,0,1,"1",0,0,0,"0",0,0,0
"55","Present","Saxifraga glacialis",568788.39,99.2865755414686,32.3484059693608,4190.13,0,0,1,"1",0,0,0,"1",0,0,0
"56","Present","Saxifraga globulifera",63154.93,-5.99071367056477,36.3099730305503,754.2,0,0,1,"1",0,0,0,"0",0,0,0
"57","Present","Saxifraga granulata",1032034.36,10.3374749457687,53.7930570707904,199.47,0,0,1,"1",0,0,0,"0",0,0,0
"58","Present","Saxifraga haenseleri",28815.6,-3.34093283582089,36.547723880597,1121.51,0,0,1,"1",0,0,0,"0",0,0,0
"59","Present","Saxifraga hariotii",36726.16,4.55966143682907,44.9855147261217,1975.34,0,0,1,"1",0,0,0,"0",0,0,0
"60","Present","Saxifraga hederacea",33340.7,25.802820082602,36.1414666150404,354.84,0,0,1,"1",0,0,0,"0",0,0,0
"61","Present","Saxifraga hirculus",3825252.99,12.9088347398072,53.8167928905742,1871.33,0,0,1,"1",0,0,0,"0",0,0,0
"62","Present","Saxifraga hirsuta",118628.32,-1.46065647482014,48.1801451695786,708.53,0,0,1,"1",0,0,0,"0",0,0,0
"63","Present","Saxifraga hispidula",298528.48,91.9543484428193,27.7570031101584,3679.92,0,0,1,"1",0,0,0,"1",0,0,0
"64","Present","Saxifraga hostii",91385.02,14.5455178173719,47.392413034256,1420.7,0,0,1,"1",0,0,0,"0",0,0,0
"65","Present","Saxifraga hyperborea",2802999.97,-15.7055437043067,62.8528574159565,1113.18,0,0,1,"1",0,0,0,"0",0,0,0
"66","Present","Saxifraga hypnoides",139368.47,-9.81606348787038,61.5167525205829,357.62,0,0,1,"1",0,0,0,"0",0,0,0
"67","Present","Saxifraga implicans",352619.86,92.3844034971226,28.6847465692784,4142.88,0,0,1,"1",0,0,0,"1",0,0,0
"68","Present","Saxifraga intricata",82629.41,2.70431815507707,47.8974144016943,1145.08,0,0,1,"1",0,0,0,"0",0,0,0
"69","Present","Saxifraga irrigua",4151.59,37.3416514041514,44.6977258852259,294.51,0,0,1,"1",0,0,0,"0",0,0,0
"70","Present","Saxifraga latepetiolata",73689.48,-1.68138162672476,41.2993373275236,875.26,0,0,1,"1",0,0,0,"0",0,0,0
"71","Present","Saxifraga longifolia",85297.83,2.94777305282005,45.1426253357207,1280.06,0,0,1,"1",0,0,0,"0",0,0,0
"72","Present","Saxifraga losae",99090.23,0.783676683188766,44.0922978624535,376.17,0,0,1,"1",0,0,0,"0",0,0,0
"73","Present","Saxifraga maderensis",269.8,-17.0319444444444,32.7597222222222,1040.67,0,0,1,"1",0,0,0,"0",0,0,0
"74","Present","Saxifraga magellanica",464046.38,-72.7142785668542,-35.5169579959746,1738.79,0,0,1,"1",0,0,0,"0",0,0,0
"75","Present","Saxifraga mertensiana",431460.36,-128.265616890682,50.4256080995202,647.75,0,0,1,"1",0,0,0,"0",0,0,0
"76","Present","Saxifraga moncayensis",63026.96,1.67984053747774,43.5177472883277,971.36,0,0,1,"1",0,0,0,"0",0,0,0
"77","Present","Saxifraga muscoides",20292.82,9.33516297662977,45.1182810578106,2067.93,0,0,1,"1",0,0,0,"0",0,0,0
"78","Present","Saxifraga mutata",142139.87,14.2535864870424,45.4066999177293,819.89,0,0,1,"1",0,0,0,"0",0,0,0
"79","Present","Saxifraga nevadensis",382115.56,-2.75815255252745,40.9364898567687,555.4,0,0,1,"1",0,0,0,"0",0,0,0
"80","Present","Saxifraga nipponica",107016.71,130.894430520225,40.8709817197865,308,0,0,1,"1",0,0,0,"0",0,0,0
"81","Present","Saxifraga oppositifolia",945694.68,-25.7549553779018,61.9051342239868,490.34,0,0,1,"1",0,0,0,"0",0,0,0
"82","Present","Saxifraga osloensis",246409.72,19.3504635777293,56.8957780043631,79.03,0,0,1,"1",0,0,0,"0",0,0,0
"83","Present","Saxifraga paniculata",965561.44,-23.3171300565597,53.8317107551246,603.47,0,0,1,"1",0,0,0,"0",0,0,0
"84","Present","Saxifraga paradoxa",70620.42,14.379571699414,47.1656109962082,661.26,0,0,1,"1",0,0,0,"0",0,0,0
"85","Present","Saxifraga pentadactylis",140879.74,-0.716686753301194,46.0734210158597,1043.46,0,0,1,"1",0,0,0,"0",0,0,0
"86","Present","Saxifraga petraea",211163.37,11.535592320827,46.8920145138216,1109.07,0,0,1,"1",0,0,0,"0",0,0,0
"87","Present","Saxifraga porophylla",179513.68,11.2123774106947,45.7732029366645,1462.14,0,0,1,"1",0,0,0,"0",0,0,0
"88","Present","Saxifraga praetermissa",48374.86,1.43087958727254,47.3125762427569,1235.48,0,0,1,"1",0,0,0,"0",0,0,0
"89","Present","Saxifraga pseudohirculus",1286831.85,89.7981184037504,28.6438541529181,2049.96,0,0,1,"1",0,0,0,"0",0,0,0
"90","Present","Saxifraga pubescens",59877.55,1.54288552933464,47.9000430186824,1381.29,0,0,1,"1",0,0,0,"0",0,0,0
"91","Present","Saxifraga retusa",302174.1,2.60496562306704,49.114122892579,904.15,0,0,1,"1",0,0,0,"0",0,0,0
"92","Present","Saxifraga reuteriana",56427.78,-5.80601486650485,37.6857175364078,550.71,0,0,1,"1",0,0,0,"0",0,0,0
"93","Present","Saxifraga rivularis",406889.66,-7.46162784370238,63.624494776069,669.85,0,0,1,"1",0,0,0,"0",0,0,0
"94","Present","Saxifraga rotundifolia",174952.13,11.8665905079148,45.4523758683521,1390.6,0,0,1,"1",0,0,0,"0",0,0,0
"95","Present","Saxifraga rufescens",337972.15,100.707966524616,27.3939548988823,3097.2,0,0,1,"1",0,0,0,"1",0,0,0
"96","Present","Saxifraga scardica",198764.98,19.0423994809369,42.855174492135,1155.21,0,0,1,"1",0,0,0,"0",0,0,0
"97","Present","Saxifraga scleropoda",94548.75,43.0683708276951,41.6580190009021,2229.29,0,0,1,"1",0,0,0,"0",0,0,0
"98","Present","Saxifraga sedoides",79381.34,12.3021410114433,46.708317952504,1820.99,0,0,1,"1",0,0,0,"0",0,0,0
"99","Present","Saxifraga seguieri",81579.87,12.0359590575166,46.9974130980111,1669.63,0,0,1,"1",0,0,0,"0",0,0,0
"100","Present","Saxifraga sempervivum",111168.23,26.8294522170682,39.022747393885,1109.79,0,0,1,"1",0,0,0,"0",0,0,0
"101","Present","Saxifraga serpyllifolia",3059882.08,-0.241333644136189,61.6117767017819,756.85,0,0,1,"1",0,0,0,"0",0,0,0
"102","Present","Saxifraga sibthorpii",389861.79,28.5054607407097,39.8485809242087,688.97,0,0,1,"1",0,0,0,"0",0,0,0
"103","Present","Saxifraga signata",790128.55,101.113880113383,32.6381458017226,3488.23,0,0,1,"1",0,0,0,"1",0,0,0
"104","Present","Saxifraga sinomontana",147466.79,98.3697515874017,29.6746851478071,4423.15,0,0,1,"1",0,0,0,"1",0,0,0
"105","Present","Saxifraga spathularis",53547.25,-5.65469188692032,48.1900413883241,656.27,0,0,1,"1",0,0,0,"0",0,0,0
"106","Present","Saxifraga squarrosa",287522.72,16.9845453519128,48.6186939552287,762.81,0,0,1,"1",0,0,0,"0",0,0,0
"107","Present","Saxifraga stolonifera",466502.3,126.677572983272,32.117016243622,380.96,0,0,1,"1",0,0,0,"0",0,0,0
"108","Present","Saxifraga strigosa",492890.3,101.379323590951,25.0534768536681,1988.55,0,0,1,"1",0,0,0,"0",0,0,0
"109","Present","Saxifraga styriaca",64345.92,10.568150840527,47.3484874299561,1671.93,0,0,1,"1",0,0,0,"0",0,0,0
"110","Present","Saxifraga svalbardensis",114711.69,24.2714082683173,70.8457307047521,274.25,0,0,1,"1",0,0,0,"0",0,0,0
"111","Present","Saxifraga tangutica",842335.24,98.1328451403004,33.6782354477191,4296.27,0,0,1,"1",0,0,0,"1",0,0,0
"112","Present","Saxifraga taygetea",47046.55,21.9441997377124,40.8874657885734,1287.19,0,0,1,"1",0,0,0,"0",0,0,0
"113","Present","Saxifraga taylorii",54123.57,-129.057360905958,52.1005867388807,438.39,0,0,1,"1",0,0,0,"0",0,0,0
"114","Present","Saxifraga terektensis",2392101.41,79.98537531932,58.4679484246358,821.67,0,0,1,"1",0,0,0,"0",0,0,0
"115","Present","Saxifraga tridactylites",1012982.97,5.54640397374874,49.89554711164,177.4,0,0,1,"1",0,0,0,"0",0,0,0
"116","Present","Saxifraga trifurcata",48462.06,-1.1613456570875,43.2719096437413,963.99,0,0,1,"1",0,0,0,"0",0,0,0
"117","Present","Saxifraga tsangchanensis",282176.31,100.814013447822,25.2108122075326,2226.12,0,0,1,"1",0,0,0,"0",0,0,0
"118","Present","Saxifraga umbrosa",70243.7,2.80801526044971,47.1727153379855,1230.88,0,0,1,"1",0,0,0,"0",0,0,0
"119","Present","Saxifraga valdensis",129671.38,9.55666289165723,46.6706870517176,1642.26,0,0,1,"1",0,0,0,"0",0,0,0
"120","Present","Saxifraga vayredana",136682.92,0.870451267932727,43.9503900250964,563.04,0,0,1,"1",0,0,0,"0",0,0,0
"121","2050","Saxifraga adscendens",1421524.49,-40.6609994536679,66.4203195256737,1598.96,-0.15,457.840100028869,0.7171914556663,"-1",0,0,3.39442580772637,"0",378.438487993221,0.04,0.08
"122","2050","Saxifraga aizoides",704540.96,-32.4835905581432,61.8788419547913,532.61,-0.23,345.131056679332,0.667449007408715,"-1",0,0,3.07657391659275,"0",342.785464590377,0.06,0.1
"123","2050","Saxifraga andersonii",739413.65,89.645633647838,30.210001019228,4790.23,-0.05,23.5886443526563,0.953421505105391,"-1",0,0,0.155441025422803,"1",17.2313643844265,0.01,0.01
"124","2050","Saxifraga androsacea",195348.07,18.3386760439333,58.3939617656201,1422.34,-0.43,181.988404679946,0.567843651196672,"-1",0,0,1.13402659367193,"0",126.301733200935,0.13,0.13
"125","2050","Saxifraga aphylla",4673.85,12.0433488612836,47.264751552795,1741.72,-0.82,92.0968183583749,0.180332083674847,"-1",0,0,-0.255265701448579,"0",28.3800556835584,0.35,0.35
"126","2050","Saxifraga aquatica",30553.87,7.88117912474046,47.1853637597828,1367.64,-0.67,82.5583041150801,0.318195847959761,"1",0,0,-0.111058305796185,"0",12.3469670148609,0.24,0.25
"127","2050","Saxifraga aretioides",15314.81,-3.06860632183908,50.008908045977,791.02,-0.59,304.751606065252,0.390694791393779,"-1",0,0,2.44185551416005,"0",271.548025280996,0.2,0.21
"128","2050","Saxifraga aristulata",135205.13,98.1521384601249,29.369039415656,4314.79,-0.14,32.6078523118233,0.855531199319278,"-1",0,0,0.187267964489539,"1",20.7568416433429,0.04,0.04
"129","2050","Saxifraga aspera",12093.27,6.25382334581773,44.9001508531003,2333.14,-0.53,121.446992133339,0.454715057368608,"-1",0,0,0.603781486413773,"0",67.0945701138916,0.17,0.18
"130","2050","Saxifraga babiana",485.09,-5.4388440860215,42.9576612903226,1835.06,-0.96,128.326659906011,0.0361534287390062,"-1",0,0,0.561047316864347,"0",62.32475444277,0.56,0.56
"131","2050","Saxifraga bergenioides",451937.34,90.6559628366742,28.4847032789144,3890.72,0.29,136.860668827307,0.830800166566942,"-1",0,0,1.08132008803118,"1",119.830343373873,0,0.05
"132","2050","Saxifraga biflora",11456.83,6.32529956427015,46.1048202614379,2373.39,-0.16,104.764087539669,0.676778506823937,"-1",0,0,0.932217584503547,"0",103.61063268365,0.04,0.09
"133","2050","Saxifraga biternata",3677.35,-5.08273809523809,35.2121031746032,1099.32,-0.84,34.8665062218389,0.159362044219975,"1",0,0,-0.311089869099952,"0",34.5145882903668,0.36,0.37
"134","2050","Saxifraga bourgaeana",10515.48,-6.98671310629515,39.0522445820433,816.34,-0.29,363.737073085123,0.321835062459927,"-1",0,0,3.02239164086688,"0",335.448837074109,0.08,0.25
"135","2050","Saxifraga bryoides",29934.97,4.80299851924975,48.2919957222771,1936.16,-0.37,86.2447809637992,0.508348678867657,"1",0,0,0.735518876219494,"0",81.7814959393204,0.11,0.16
"136","2050","Saxifraga burseriana",21859.69,13.360862107127,47.3004371403276,1450.02,-0.29,113.623043675402,0.657345845275077,"-1",0,0,-0.391928895921438,"0",43.5748577959161,0.08,0.1
"137","2050","Saxifraga caesia",22108.98,10.0038795007731,46.5059504086592,2261.55,-0.7,30.751856836772,0.304472944605683,"1",0,0,-0.0315277013967474,"0",3.50466682140628,0.26,0.26
"138","2050","Saxifraga callosa",25500.97,7.7990649404028,42.5527127003699,1577.11,-0.76,33.0058766231885,0.240650036150833,"1",0,0,-0.162173376518908,"0",18.0151276905486,0.3,0.3
"139","2050","Saxifraga camposii",18232.33,-3.6052847346452,39.4625819916518,1401.27,-0.19,291.440239110594,0.310136222810909,"-1",0,0,2.56176882977581,"0",284.356245550043,0.05,0.25
"140","2050","Saxifraga canaliculata",93.79,-4.78472222222222,43.0902777777778,2024,-0.99,60.3737080141834,0.00802388678942296,"-1",0,0,0.335083407804582,"0",37.2248283508292,0.7,0.7
"141","2050","Saxifraga capitata",1075251.84,-41.3262855839712,57.1552391786224,469.87,-0.02,218.202633488477,0.867460360649139,"-1",0,0,1.95860674576694,"0",218.081032081171,0.01,0.03
"142","2050","Saxifraga cardiophylla",116051.06,98.0932930258718,29.2610042048315,4330.86,-0.28,51.4386493613196,0.714114588116203,"-1",0,0,-0.414496986880298,"1",45.9443102449967,0.08,0.08
"143","2050","Saxifraga carpetana",67467.29,1.16672024783727,42.3190369028135,949.56,-0.21,255.147043504778,0.509444815501999,"-1",0,0,1.31364090834705,"0",145.90180680636,0.06,0.16
"144","2050","Saxifraga cebennensis",313328.91,0.677743790555305,43.5751941233382,609.56,0.51,110.365157431079,0.969218202336528,"1",0,0,0.695545915740524,"0",77.273182412602,0,0.01
"145","2050","Saxifraga cernua",1159522.16,-6.98825090595854,65.1732918968692,948.08,-0.21,586.34158406053,0.667431801987775,"-1",0,0,5.14841744760266,"0",573.81596490591,0.06,0.1
"146","2050","Saxifraga cespitosa",682594.81,-16.328202044369,66.8467704072445,503.9,-0.22,460.531818732731,0.666797900124406,"-1",0,0,3.9709883340095,"0",442.726414686554,0.06,0.1
"147","2050","Saxifraga chrysantha",843.87,-105.988970588235,39.218545751634,3755.18,-0.94,630.375309600526,0.0590975738755349,"-1",0,0,-4.5424970534662,"1",504.505454885933,0.51,0.51
"148","2050","Saxifraga cintrana",1558.13,-9.26950354609929,39.1972517730496,84.77,-0.59,10.451352352133,0.406925988420836,"-1",0,0,0.0074068957047686,"0",0.822307465813068,0.2,0.2
"149","2050","Saxifraga cochlearis",71987.85,3.86987364680879,46.4561458125789,681.82,-0.53,201.654402257994,0.452623876087098,"-1",0,0,1.26705177703312,"0",140.830083408325,0.17,0.18
"150","2050","Saxifraga conifera",109.54,-4.77678571428571,43.0744047619048,2002.86,-0.98,43.6899182655948,0.0164483496804544,"-1",0,0,0.29749299719888,"0",33.0488802701828,0.64,0.64
"151","2050","Saxifraga consanguinea",290034.63,97.8983622574192,32.4686926416301,4405.37,-0.27,51.8216929872277,0.729593009229444,"-1",0,0,-0.0235231235653117,"1",2.60860271239196,0.08,0.08
"152","2050","Saxifraga cortusifolia",20739.68,136.954778156997,36.410800625711,636.23,-0.45,229.353272638816,0.521911012195925,"1",0,0,1.34923915222441,"0",149.703662309885,0.14,0.15
"153","2050","Saxifraga cotyledon",205490.44,4.19433867405136,61.52177496456,510.53,-0.09,142.479200604789,0.727443662611618,"-1",0,0,1.2277851390906,"0",136.809093387906,0.02,0.08
"154","2050","Saxifraga crustata",30056.11,11.2963853710018,46.7217182172431,2034.39,-0.59,172.9298905374,0.327785250097084,"-1",0,0,-0.339824980307526,"0",37.7779105383875,0.2,0.24
"155","2050","Saxifraga cuneata",15585.47,0.333417001338689,43.289031124498,1823.89,-0.82,70.9855778006918,0.174659789735503,"1",0,0,0.545476401723924,"0",60.5986395149008,0.35,0.35
"156","2050","Saxifraga cuneifolia",99357.07,11.2501783300796,45.2576369074436,1595.45,-0.27,121.27048117151,0.60528007221008,"-1",0,0,0.489810255624704,"0",54.4336061982303,0.08,0.12
"157","2050","Saxifraga diapensioides",2439.57,6.09148550724638,44.7573757763975,2572.09,-0.79,104.341407045623,0.210200173981655,"-1",0,0,0.666185456642808,"0",74.0268801587427,0.32,0.32
"158","2050","Saxifraga dichotoma",5807.59,-2.08479225023343,38.9418183940243,1636.22,-0.94,239.561016254927,0.0608160183971214,"-1",0,0,-2.12496588016927,"0",235.945030856259,0.5,0.5
"159","2050","Saxifraga diversifolia",159810.35,98.1501033539071,29.4147864019254,4218.8,-0.4,112.35150800823,0.600057775919146,"-1",0,0,0.547659711743144,"1",60.7015610255622,0.12,0.12
"160","2050","Saxifraga egregia",774280.89,89.9488941367817,29.963607265327,2344.46,0.2,258.067183361657,0.893921228627202,"-1",0,0,0.986665981571381,"0",109.365587747998,0,0.03
"161","2050","Saxifraga erioblasta",3257.91,-4.43189964157706,35.9502688172043,1598.12,-0.79,102.121863871631,0.214831244006701,"-1",0,0,-0.175850230414746,"0",19.5122904175921,0.32,0.32
"162","2050","Saxifraga eschscholtzii",2136944.5,-32.0957837570713,63.3117754846649,628.49,-0.22,2803.24070491131,0.621871377050916,"-1",0,0,7.21397792438158,"0",803.684293171797,0.06,0.11
"163","2050","Saxifraga exarata",19932.25,8.03078686259734,45.2095422004521,2424.68,-0.67,277.106430735177,0.295610989524959,"-1",0,0,-0.0179624280086728,"0",1.9962732602319,0.24,0.26
"164","2050","Saxifraga federici-augusti",8967.43,19.7261160714286,40.3050595238095,1676.77,-0.86,70.2580456522377,0.136695705807853,"-1",0,0,-0.0920398390917256,"0",10.2202313801081,0.39,0.39
"165","2050","Saxifraga felineri",345.77,-0.00757575757575694,42.7310606060606,2486.86,-0.98,104.605700958237,0.0212079448389595,"-1",0,0,0.00743878028111311,"0",0.826354953987693,0.62,0.62
"166","2050","Saxifraga filicaulis",409832.04,91.8653926530488,29.0369589336738,4458.83,-0.11,120.948725548775,0.742631776215651,"1",0,0,0.663964880236176,"1",73.5878383112961,0.03,0.07
"167","2050","Saxifraga finitima",88020.44,98.0192966652536,29.2339268051434,4423.01,-0.36,107.082881840195,0.641889790820979,"-1",0,0,-0.961860175365782,"1",106.61995397798,0.1,0.1
"168","2050","Saxifraga flagellaris",1500.18,43.1588541666667,43.07421875,3535.45,-0.92,44.6225784685371,0.0847622750234497,"-1",0,0,0.214732934397162,"1",23.8551305830454,0.46,0.46
"169","2050","Saxifraga fortunei",75778.71,130.612399787786,33.6041961408473,305.62,-0.12,72.7979156375022,0.868022116113995,"-1",0,0,-0.592223223970201,"0",65.6897496707806,0.03,0.03
"170","2050","Saxifraga fragosoi",43193.09,-1.30086786623046,42.6044695868169,1237.68,-0.61,103.505836569604,0.348460334949124,"1",0,0,0.00959561343827176,"0",1.06592815314602,0.21,0.23
"171","2050","Saxifraga gemmipara",70355.35,99.514065710712,27.5323025551684,3458.2,-0.6,361.670393503282,0.215912556226394,"1",0,0,2.35530637140208,"0",260.952749643141,0.2,0.32
"172","2050","Saxifraga gemmulosa",17098.67,-7.68598339719029,39.2764607279693,572.38,-0.55,238.209336526393,0.325710609404628,"-1",0,0,1.80273455357343,"0",200.110040159812,0.18,0.24
"173","2050","Saxifraga genesiana",60289.52,1.64344245028649,44.0763292045838,663.49,0.35,23.5938516506813,0.905449251630544,"1",0,0,0.103570593758718,"0",11.5080105171408,0,0.02
"174","2050","Saxifraga geranioides",49496.57,4.04036841073878,48.0324196551048,890.47,-0.62,146.241464116074,0.336985732400255,"1",0,0,-1.22673119421777,"0",136.416023014987,0.22,0.24
"175","2050","Saxifraga glacialis",438097.88,98.6467965065263,32.3902822337392,4352.2,-0.23,60.3898529988195,0.770230003577938,"-1",0,0,0.0418762643783666,"1",4.64379687177496,0.06,0.06
"176","2050","Saxifraga globulifera",13237.11,-8.17104166666667,37.7126041666667,761.77,-0.79,248.7517671113,0.1745327120562,"-1",0,0,1.4026311361164,"0",155.661015323565,0.32,0.35
"177","2050","Saxifraga granulata",508305.63,13.678508955247,58.4461437096549,119.01,-0.51,558.045688613343,0.461787899672632,"-1",0,0,4.65308663886459,"0",518.092215105211,0.16,0.18
"178","2050","Saxifraga haenseleri",8502.61,-5.17394578313253,37.4986613119143,1329.98,-0.7,194.266947195567,0.226700169791445,"1",0,0,0.950937431317307,"0",105.533214323363,0.26,0.31
"179","2050","Saxifraga hariotii",16354.07,6.51175213675214,45.2061584249084,2436.86,-0.55,155.599535913193,0.356004364955251,"-1",0,0,0.220643698786759,"0",24.5209396620998,0.18,0.23
"180","2050","Saxifraga hederacea",4596.06,25.0983048162231,35.3809410646388,733.88,-0.86,105.734366744193,0.13785139051101,"-1",0,0,-0.760525550401653,"0",84.38379719188,0.39,0.39
"181","2050","Saxifraga hirculus",2997258.24,0.591411775899226,58.2492167919799,1699.54,-0.22,910.697753514774,0.691263323323777,"-1",0,0,4.43242390140578,"0",493.515925541345,0.06,0.09
"182","2050","Saxifraga hirsuta",123998.02,-2.55015432098765,52.0684614408929,524.04,0.05,439.449988153775,0.53898684155232,"-1",0,0,3.88831627131432,"0",432.502807280854,0,0.14
"183","2050","Saxifraga hispidula",218125.71,91.8358320436764,28.4870729802539,4078.35,-0.27,81.7410079061646,0.659207441762173,"1",0,0,0.73006987009547,"1",80.9073869354384,0.08,0.1
"184","2050","Saxifraga hostii",36823.03,12.4119884488449,47.0724669966997,1836.36,-0.6,165.426075260521,0.398794663053945,"-1",0,0,-0.319946037556349,"0",35.5701204162425,0.2,0.21
"185","2050","Saxifraga hyperborea",2459297.83,-33.3167046075897,68.8464434775469,783.37,-0.12,1039.22979265301,0.712832618794671,"-1",0,0,5.99358606159038,"0",668.312185906816,0.03,0.08
"186","2050","Saxifraga hypnoides",130661.96,-9.05109487955424,61.8959113889089,406.03,-0.06,58.5062020742777,0.660195607559924,"1",0,0,0.37915886832598,"0",42.2537582428407,0.02,0.1
"187","2050","Saxifraga implicans",301534.36,92.5836458979128,28.9873398429427,4374.1,-0.14,38.7664899448726,0.759779067129821,"1",0,0,0.302593273664314,"1",33.5373402007446,0.04,0.07
"188","2050","Saxifraga intricata",44805.84,4.04128664495114,47.9742806731813,1100.03,-0.46,100.259044026794,0.473686311071329,"1",0,0,0.0768662714870061,"0",8.54668958996631,0.14,0.17
"189","2050","Saxifraga irrigua",2409.64,36.7972046413502,44.6054852320675,225.06,-0.42,44.3869119630101,0.407759666687732,"1",0,0,-0.0922406531583704,"0",10.250239772783,0.13,0.2
"190","2050","Saxifraga latepetiolata",58927.02,-0.367253186872796,41.8097877678329,821.29,-0.2,123.421598874363,0.455753819210727,"-1",0,0,0.51045044030932,"0",56.6929959060523,0.05,0.18
"191","2050","Saxifraga longifolia",26837.42,2.97859556443937,44.7655030458785,1762.88,-0.69,41.9804465479664,0.311397513952001,"1",0,0,-0.377122289842134,"0",41.9099318527162,0.25,0.25
"192","2050","Saxifraga losae",166553.93,0.817956211687152,43.9319552259495,530.03,0.68,18.0268838641724,0.991480816850988,"-1",0,0,-0.160342636503991,"0",17.8160678070277,0,0
"193","2050","Saxifraga maderensis",413.88,-17.0135869565217,32.7454710144928,936.87,0.53,2.33611149692948,0.9999838593507,"-1",0,0,-0.0142512077294654,"0",1.58045984899546,0,0
"194","2050","Saxifraga magellanica",319398.52,-72.7158580281646,-37.9786919163502,1710.94,-0.31,273.185966699868,0.669065171500706,"-1",0,0,2.4617339203756,"0",273.185930299981,0.09,0.1
"195","2050","Saxifraga mertensiana",396453.02,-130.518061861521,52.1409849467596,644.7,-0.08,247.193998747706,0.835386427752861,"-1",0,0,1.71537684723944,"0",190.841984299665,0.02,0.04
"196","2050","Saxifraga moncayensis",74788.43,1.77948566234479,43.5211420388283,1015.09,0.19,8.06520337585407,0.93389951829302,"1",0,0,0.00339475050062532,"0",0.377166500677849,0,0.02
"197","2050","Saxifraga muscoides",20592.06,9.82594476744186,45.1246669089147,1982.94,0.01,38.6211991475061,0.919557230656692,"1",0,0,0.0063858511041488,"0",0.70968614290001,0,0.02
"198","2050","Saxifraga mutata",180940.29,12.8443002303768,45.4213393395864,696.24,0.27,110.325192709394,0.785059150719106,"-1",0,0,0.0146394218570904,"0",1.62702341975932,0,0.06
"199","2050","Saxifraga nevadensis",512981.51,-2.51479988237479,41.3005711013434,618.12,0.34,45.3052424342292,0.979317270511503,"-1",0,0,0.364081244574749,"0",40.4334795996574,0,0.01
"200","2050","Saxifraga nipponica",179940.5,131.765144766953,42.3249344601836,491.24,0.68,177.046951626117,0.490119821060763,"-1",0,0,1.45395274039713,"0",161.48397468362,0,0.16
"201","2050","Saxifraga oppositifolia",763835.44,-18.2794422188689,65.5452967001601,511.48,-0.19,548.02373342037,0.674822639258053,"-1",0,0,3.64016247617324,"0",405.779273302581,0.05,0.09
"202","2050","Saxifraga osloensis",639792.57,22.0782748727701,57.7695543696568,112.14,1.6,190.927350891713,0.98174311563507,"1",0,0,0.873776365293708,"0",97.3088130938207,0,0
"203","2050","Saxifraga paniculata",787372.35,-23.9386827228802,57.3495894690835,580.55,-0.18,393.611553191445,0.679813595873507,"-1",0,0,3.51787871395887,"0",391.660361116342,0.05,0.09
"204","2050","Saxifraga paradoxa",169415.68,13.7909272340914,47.0084711693085,685.56,1.4,47.9897000978821,1.00000004731219,"-1",0,0,-0.157139826899687,"0",17.4696335535145,0,0
"205","2050","Saxifraga pentadactylis",51639.74,0.519562505883461,48.1928774828203,1148.62,-0.63,253.598378795759,0.321467243312092,"-1",0,0,2.11945646696058,"0",235.627244948731,0.22,0.25
"206","2050","Saxifraga petraea",237324.99,11.7706462804666,47.0409889203206,1051.31,0.12,24.3778327719834,0.978540764578263,"-1",0,0,0.148974406499015,"0",16.5615127812524,0,0.01
"207","2050","Saxifraga porophylla",64288.48,10.2730881678514,45.9973964304823,2066.73,-0.64,77.0507848737209,0.358125797625028,"-1",0,0,0.224193493817829,"0",24.9189000354763,0.23,0.23
"208","2050","Saxifraga praetermissa",36201.75,2.84976549755302,47.4423089994562,1517.16,-0.25,108.117281848208,0.502550123386382,"1",0,0,0.129732756699283,"0",14.4234544578017,0.07,0.16
"209","2050","Saxifraga pseudohirculus",1389393.91,90.146138112267,28.9060575377474,2245.77,0.08,44.7147906300893,0.999985334326923,"-1",0,0,0.26220338482932,"0",29.0605417714405,0,0
"210","2050","Saxifraga pubescens",43545.19,2.68640277777778,48.440625,973.02,-0.27,104.148620863519,0.401815983269622,"1",0,0,0.540581981317594,"0",60.1092750574756,0.08,0.2
"211","2050","Saxifraga retusa",150176.77,1.41752514779847,49.8890279861172,946.39,-0.5,121.757913343274,0.488280327544049,"-1",0,0,0.774905093538216,"0",86.1845117692132,0.16,0.16
"212","2050","Saxifraga reuteriana",26761.62,-7.10929526433966,38.7637655644009,605.58,-0.53,165.352913419075,0.432105607676764,"1",0,0,1.07804802799313,"0",119.664130711214,0.17,0.19
"213","2050","Saxifraga rivularis",404719.56,-7.64926021019117,69.2128317695786,541,-0.01,623.227316872058,0.589771330220022,"-1",0,0,5.58833699350964,"0",623.171730872465,0,0.12
"214","2050","Saxifraga rotundifolia",111391.79,10.6751088782774,45.9454144006721,1675.84,-0.36,107.766162337675,0.580673927884501,"-1",0,0,0.493038532319936,"0",54.7989822908112,0.11,0.13
"215","2050","Saxifraga rufescens",269405.59,99.805022409549,28.3839115693651,3646.56,-0.2,141.205630702148,0.693737595135917,"-1",0,0,0.989956670482819,"1",109.704699348095,0.06,0.09
"216","2050","Saxifraga scardica",52856.52,17.3846719568872,43.382793186987,1551.47,-0.73,147.091438941525,0.265924690421262,"-1",0,0,0.527618694852045,"0",58.6158281009453,0.28,0.28
"217","2050","Saxifraga scleropoda",38562.55,43.3904608404967,42.2411567062355,2536.84,-0.59,70.060145072335,0.400346209500257,"-1",0,0,0.583137705333385,"0",64.7704495808822,0.2,0.2
"218","2050","Saxifraga sedoides",31700.8,10.6772471477027,46.7291859389454,2269.14,-0.6,124.249370854728,0.35778800276588,"-1",0,0,0.0208679864414236,"0",2.31979709804697,0.21,0.23
"219","2050","Saxifraga seguieri",43447.1,9.86112051455653,46.521327014218,2166.83,-0.47,174.369171000364,0.49308827324878,"-1",0,0,-0.476086083793099,"0",52.9246552292903,0.15,0.16
"220","2050","Saxifraga sempervivum",30849.53,28.1629782530229,38.5845176863382,1210.69,-0.72,125.636434841872,0.222841644521985,"-1",0,0,-0.438229707546775,"0",48.6486415305181,0.27,0.31
"221","2050","Saxifraga serpyllifolia",2098712.16,-40.0550573509069,66.9724696434061,510.36,-0.31,1978.82285822358,0.454232749565537,"-1",0,0,5.36069294162415,"0",597.617233841694,0.09,0.18
"222","2050","Saxifraga sibthorpii",278670.74,27.262757319193,39.8246774965333,576.39,-0.29,106.403949421134,0.714793660951282,"-1",0,0,-0.0239034276754637,"0",2.6540333034455,0.08,0.08
"223","2050","Saxifraga signata",683268.05,101.092527557176,33.0320395564814,3506.01,-0.14,43.7291411548517,0.845598837138706,"1",0,0,0.393893754758722,"1",43.6834195701953,0.04,0.04
"224","2050","Saxifraga sinomontana",101604.62,98.0540826458906,29.436980598839,4469.89,-0.31,40.3748708599107,0.689000021302993,"-1",0,0,-0.237704548968086,"1",26.3483588073596,0.09,0.09
"225","2050","Saxifraga spathularis",50298,-4.87428801386825,53.2954948819548,398.53,-0.06,570.602377267584,0.427541952650681,"-1",0,0,5.10545349363063,"0",567.9470102356,0.02,0.19
"226","2050","Saxifraga squarrosa",19223.21,15.0624361430396,46.448132183908,1839.35,-0.93,281.374031055997,0.0668580428971931,"-1",0,0,-2.17056177132065,"0",241.325725320588,0.49,0.49
"227","2050","Saxifraga stolonifera",500032.85,125.501243758034,31.9705530628893,404.58,0.07,112.282359185903,0.908358824025028,"1",0,0,-0.146463180732685,"0",16.2409471143607,0,0.02
"228","2050","Saxifraga strigosa",273582.51,100.014696090692,26.7637986637023,2805.38,-0.44,233.656228019547,0.457325536849259,"-1",0,0,1.71032181003416,"0",189.480817222461,0.14,0.18
"229","2050","Saxifraga styriaca",26991.62,10.1207834602829,46.7062250634748,2243.49,-0.58,79.0859641588462,0.419476788463441,"-1",0,0,-0.64226236648129,"0",71.4011899861734,0.2,0.2
"230","2050","Saxifraga svalbardensis",105919.99,25.111305851561,70.1339269022247,294.07,-0.08,85.3652379282543,0.888982322066327,"-1",0,0,-0.711803802527371,"0",79.4146287872479,0.02,0.03
"231","2050","Saxifraga tangutica",611552.04,98.0475650200733,33.9114737883284,4351.84,-0.27,27.0490697213315,0.724330075726491,"1",0,0,0.233238340609326,"1",25.8704904227657,0.08,0.08
"232","2050","Saxifraga taygetea",13700.14,21.632626705653,41.1281920077973,1631,-0.71,37.4393794364766,0.281346440173402,"1",0,0,0.240726219223887,"0",26.7336238598247,0.27,0.27
"233","2050","Saxifraga taylorii",24674.24,-130.208201058201,52.6253306878307,375.79,-0.54,97.750120202967,0.441276318822381,"-1",0,0,0.524743948950004,"0",58.3904825166067,0.18,0.18
"234","2050","Saxifraga terektensis",1581335.25,92.7018816115099,57.8136357404209,1036.86,-0.34,751.406323304275,0.593146237438552,"-1",0,0,-0.654312684214887,"0",72.8774269179198,0.1,0.12
"235","2050","Saxifraga tridactylites",814971.06,6.33082892015118,51.689491346914,145.49,-0.2,207.085481134724,0.682750292344191,"-1",0,0,1.79394423527403,"0",199.566040915343,0.05,0.09
"236","2050","Saxifraga trifurcata",11995.83,1.07664373088685,42.9817878986457,1739.72,-0.75,184.936174883772,0.203734076696177,"-1",0,0,-0.290121745095561,"0",32.2311356780124,0.29,0.33
"237","2050","Saxifraga tsangchanensis",169886.34,99.9338318809816,26.6715986109559,2891.55,-0.4,184.291673038581,0.582315424207089,"1",0,0,1.46078640342335,"0",161.836333309739,0.12,0.13
"238","2050","Saxifraga umbrosa",10882.1,5.33697183098592,44.3398474178404,2197.12,-0.85,371.237482352336,0.154919301569228,"-1",0,0,-2.83286792014511,"0",314.863503368067,0.37,0.37
"239","2050","Saxifraga valdensis",58523.39,9.48681673373575,46.3655998490946,2109.51,-0.55,34.33484859259,0.451320769768997,"-1",0,0,-0.305087202623064,"0",33.9139321173231,0.18,0.18
"240","2050","Saxifraga vayredana",118531.11,0.911834539346169,44.0088916526683,594.96,-0.13,7.29914327473789,0.847700016566339,"1",0,0,0.0585016275718502,"0",6.5002237490266,0.03,0.04
"241","2070","Saxifraga adscendens",1357037.74,-41.3149895505995,66.8134333272315,1632.4,-0.19,52.5483148518179,0.672894680949324,"0",478.401092209186,0.937327490713169,0.393113801557817,"0",43.8386198667647,0.05,0.09
"242","2070","Saxifraga aizoides",686063.54,-31.5847360721219,62.9132120477833,499.3,-0.25,124.299142159039,0.623585007583281,"0",466.487473985554,0.993731283457906,1.03437009299203,"0",115.282587791512,0.07,0.11
"243","2070","Saxifraga andersonii",707414.63,89.6753946658662,30.2128775915921,4814.96,-0.09,2.88311240932655,0.91284458758137,"0",21.9850281749647,0.830508846565795,0.00287657236401273,"1",0.318885345048281,0.02,0.02
"244","2070","Saxifraga androsacea",181422.05,18.6734965025411,59.1793961874055,1419.66,-0.47,89.6073523676456,0.525665944068498,"0",240.383172080847,0.885077052358827,0.785434421785361,"0",87.4906524351273,0.15,0.15
"245","2070","Saxifraga aphylla",0,12.0433488612836,47.264751552795,1741.72,-1,0,0,"0",92.0968183583749,1,0,"0",0,1,1
"246","2070","Saxifraga aquatica",17888.52,9.11847677595628,46.7544740437158,1512.71,-0.81,105.639619313461,0.194152244739319,"0",186.036906351695,0.988517317101716,-0.430889716066936,"0",47.9021193549999,0.34,0.34
"247","2070","Saxifraga aretioides",22614.23,-1.7844696969697,48.7067082111437,1139.73,-0.39,172.264727596889,0.425893997325836,"0",134.337020016657,0.281619329437478,-1.30219983483331,"0",144.826313136254,0.12,0.19
"248","2070","Saxifraga aristulata",92330.14,97.9756460144195,29.1824969678593,4364.87,-0.41,26.8641789003749,0.587308882204469,"0",42.3379489432631,0.711896803931243,-0.186542447796697,"1",20.676426261354,0.12,0.12
"249","2070","Saxifraga aspera",17801.24,7.0061832490163,45.3352304665542,2388.9,-0.3,76.4358256477993,0.488419554468752,"0",122.625903701232,0.619689496421352,0.435079613453951,"0",48.352171438632,0.09,0.16
"250","2070","Saxifraga babiana",344.26,-5.17613636363636,43.0606060606061,1859.59,-0.97,24.2803098833855,0.025657272008327,"0",116.804293723233,0.765392916748348,0.102944770283479,"0",11.4364345299809,0.6,0.6
"251","2070","Saxifraga bergenioides",388514.81,91.0454813052672,28.8972510572857,4279.41,0.11,59.4948783695272,0.709660540350151,"0",195.641385870645,0.996362917491331,0.412547778371284,"1",45.7229533195387,0,0.08
"252","2070","Saxifraga biflora",15968.17,7.36556567071273,45.728660908808,2495.58,0.17,90.8894689101647,0.744782409835567,"0",114.954925009379,0.587543242736065,-0.376159352629941,"0",41.8099961093586,0,0.07
"253","2070","Saxifraga biternata",4097.62,-4.52475071225071,35.1064814814815,1054.52,-0.82,52.1716486132632,0.176464312380167,"0",65.0754587864093,0.747665881815829,-0.105621693121691,"0",11.7180397216085,0.35,0.35
"254","2070","Saxifraga bourgaeana",4355.85,-5.64834337349397,36.0144745649264,918.54,-0.71,357.292043874871,0.280717305164012,"0",22.9128558253357,0.0317779896628045,-3.03777001711698,"0",337.155212654068,0.26,0.27
"255","2070","Saxifraga bryoides",32038.26,6.02826420890937,47.4414362519201,2125.94,-0.33,131.706202258872,0.470158708766507,"0",65.9594837425006,0.302634485824332,-0.850559470356941,"0",94.5717745866159,0.09,0.17
"256","2070","Saxifraga burseriana",20278.95,13.5158190066858,47.2744149952245,1535.63,-0.34,12.0737791093073,0.578179605709749,"0",104.216040552239,0.829106402559897,-0.0260221451031271,"0",2.89304961541808,0.1,0.13
"257","2070","Saxifraga caesia",16126.75,9.64207992114043,46.207025326054,2428.68,-0.78,43.3528732245438,0.214754228740206,"0",69.0528529827892,0.931827872871994,-0.298925082605166,"0",33.2279984581207,0.31,0.32
"258","2070","Saxifraga callosa",28584.23,5.02442174072042,43.4458196196745,1690.55,-0.73,247.031806580368,0.245509875935817,"0",266.081981582365,0.950164915444443,0.893106919304614,"0",99.2176801943162,0.28,0.3
"259","2070","Saxifraga camposii",24763.81,-2.013766099105,40.4811313032089,1218.42,0.1,176.84389119023,0.283816237807456,"0",404.463385018788,0.863713627790382,1.01854931155714,"0",113.093703229986,0,0.27
"260","2070","Saxifraga canaliculata",15.65,-4.72916666666667,43.0208333333333,2092,-1,8.94445554376116,0.00133867388832054,"0",52.1690629978431,0.752603074289955,-0.0694444444444429,"0",7.71484852001226,0.81,0.81
"261","2070","Saxifraga capitata",1054067.6,-39.8624429529482,58.0409145204834,483.68,-0.04,131.868158456958,0.823742729076675,"0",327.31237561499,0.934989102621299,0.885675341860924,"0",98.6381323268268,0.01,0.05
"262","2070","Saxifraga cardiophylla",72119.45,97.9187764396098,29.0922958214625,4427.2,-0.55,25.2555440891812,0.446726774009055,"0",76.0667381715677,0.991818738150783,-0.168708383369051,"1",18.6994154104474,0.18,0.18
"263","2070","Saxifraga carpetana",77747.83,1.43474587726413,42.6670975263585,911.82,-0.09,44.5012113313437,0.574127235525558,"0",295.676538273361,0.986745403990649,0.348060623544974,"0",38.663572030212,0.02,0.13
"264","2070","Saxifraga cebennensis",449833.15,1.98584014300306,44.9080566905005,506.56,1.16,181.248083719669,0.978778830121571,"0",290.316563285446,0.995553432827038,1.33286256716234,"0",148.103639555429,0,0.01
"265","2070","Saxifraga cernua",1085488.02,-11.0117778076924,66.1652797857457,874.71,-0.26,215.528944651805,0.613855686293014,"0",755.603943852197,0.942301676887372,0.99198788887648,"0",110.609196160259,0.07,0.11
"266","2070","Saxifraga cespitosa",674328.84,-16.6389563835859,67.5783731435829,468.47,-0.23,82.6905540286324,0.621987024953474,"0",535.826745718336,0.986385636133811,0.731602736338459,"0",81.5918476471961,0.06,0.11
"267","2070","Saxifraga chrysantha",347.47,-105.949404761905,39.1041666666667,3810.38,-0.98,13.1506005943797,0.0243342951252202,"0",642.725220037977,0.998755776349883,-0.114379084967318,"1",12.6982015403996,0.61,0.61
"268","2070","Saxifraga cintrana",530.11,-9.30598958333333,39.26953125,58.06,-0.86,8.62067535338544,0.138446043256378,"0",16.1940721441804,0.849100703618142,0.0722794769503494,"0",8.02446309411316,0.39,0.39
"269","2070","Saxifraga cochlearis",88525.91,2.95217136150235,46.8203449624953,711.31,-0.43,81.0946537981191,0.507633799027677,"0",281.183555210894,0.994463285334864,0.364199149916416,"0",40.4857550422789,0.13,0.16
"270","2070","Saxifraga conifera",93.79,-4.78472222222222,43.0902777777778,2024,-0.99,1.87810346870914,0.0140842683259994,"0",44.628065523373,0.979372459563605,0.0158730158730123,"0",1.7634022324753,0.66,0.66
"271","2070","Saxifraga consanguinea",254521.91,97.7055876278982,32.4800965690416,4460.56,-0.36,18.1655380553063,0.640259418930586,"0",69.8846825688721,0.998534754524014,0.0114039274115285,"1",1.26464018336032,0.11,0.11
"272","2070","Saxifraga cortusifolia",11812.4,139.207649253731,38.2171019900497,596.46,-0.69,282.946969043565,0.307905365681402,"0",511.693466252678,0.998815586290354,1.80630136433872,"0",200.469757418317,0.25,0.26
"273","2070","Saxifraga cotyledon",199608.12,3.40524491454465,62.2450982202959,489.33,-0.11,90.6659803531445,0.675965028410714,"0",232.241206743676,0.99612269826662,0.723323255735806,"0",80.6097951993538,0.03,0.09
"274","2070","Saxifraga crustata",24484.19,11.5754850746269,46.8865298507463,2114.53,-0.67,28.0992585406331,0.22941151313272,"0",148.539299582884,0.7388943357922,0.164811633503206,"0",18.3216181459688,0.24,0.31
"275","2070","Saxifraga cuneata",26156.99,2.7587223527109,43.945451653944,1966.02,-0.7,208.903975566285,0.207476228548711,"0",268.896348956139,0.960723062798902,0.656420529446024,"0",72.9314532141037,0.26,0.33
"276","2070","Saxifraga cuneifolia",107675.32,10.9893634754219,45.3566612636226,1695.08,-0.21,23.227000470126,0.587358776087603,"0",144.48321339834,0.99990125611095,0.0990243561790081,"0",11.0053471053418,0.06,0.12
"277","2070","Saxifraga diapensioides",5639.65,6.23642761394102,44.8807529043789,2535.4,-0.51,17.8720184117188,0.446189137327539,"0",107.3903738661,0.878711757437685,0.123377127981392,"0",13.7106832933585,0.17,0.18
"278","2070","Saxifraga dichotoma",2296.59,-3.21941489361702,37.5749113475177,1847.41,-0.98,181.333356388974,0.0240494901808816,"0",391.687735388919,0.930608154555458,-1.36690704650655,"0",151.728574137025,0.61,0.61
"279","2070","Saxifraga diversifolia",116320.79,98.0510082799145,29.2343349358974,4267.93,-0.56,22.1969812407426,0.439320713660514,"0",111.937112221612,0.831946258530487,-0.180451466027954,"1",20.001446056958,0.19,0.19
"280","2070","Saxifraga egregia",928797.24,91.0664659537611,30.0310621960157,2591.5,0.43,108.091738918586,0.850989746374595,"0",361.427502899552,0.987078235452448,0.0674549306886725,"0",7.47754079973165,0,0.04
"281","2070","Saxifraga erioblasta",2908.33,-3.70331325301205,35.3694779116466,1513.72,-0.81,92.221863032953,0.183785821804306,"0",90.8437609177219,0.467438606661706,-0.580790905557713,"0",64.4403256613634,0.34,0.35
"282","2070","Saxifraga eschscholtzii",2410545.38,-35.5615038840704,63.627558178766,570.3,-0.12,176.315934250677,0.64704515688688,"0",2970.06195722795,0.996813391022932,0.315782694101117,"0",35.2000047066897,0.03,0.1
"283","2070","Saxifraga exarata",24675.37,8.02126132930514,45.5736782477341,2444.4,-0.59,40.4767465364489,0.302697272710961,"0",279.616798095052,0.880452171608253,0.364136047281988,"0",40.469872926233,0.2,0.26
"284","2070","Saxifraga federici-augusti",4788.64,20.156462585034,39.8391439909297,1738.45,-0.93,63.4347163133049,0.0729959638722803,"0",70.2243209333262,0.525266438518381,-0.465915532879812,"0",51.7334062413659,0.48,0.48
"285","2070","Saxifraga felineri",409.04,0.437500000000001,42.661858974359,2479.08,-0.97,37.271387040355,0.0250891032723455,"0",141.29797679121,0.995918218962967,-0.0692016317016311,"0",7.68738953982638,0.6,0.6
"286","2070","Saxifraga filicaulis",320707.45,90.6059515124988,28.9933773465616,4649.5,-0.3,122.7951066697,0.638612963106469,"0",229.629056602891,0.942091762949997,-0.0435815871121612,"1",4.83040944074559,0.09,0.11
"287","2070","Saxifraga finitima",49555.27,97.8210437869079,29.1208930141978,4570.7,-0.64,22.9968273223165,0.361688871058169,"0",122.661307657811,0.942970340628356,-0.113033790945657,"1",12.5285181781032,0.22,0.22
"288","2070","Saxifraga flagellaris",250.2,43.1276041666667,43.0833333333333,3985.75,-0.99,2.73894459191772,0.0141366228116412,"0",47.3186908692445,0.999095633154456,0.0091145833333357,"1",1.0125779924223,0.66,0.66
"289","2070","Saxifraga fortunei",83328.83,130.396958011997,33.8412239360183,320.88,-0.04,33.0137760849049,0.917793716652776,"0",41.0244746419996,0.387712113606743,0.237027795170995,"0",26.2905039623962,0.01,0.02
"290","2070","Saxifraga fragosoi",44817.02,0.367120260525704,43.0251075831589,1319.11,-0.6,144.195254031684,0.330666783895351,"0",58.2366435865418,0.235108547342985,0.420637996341959,"0",46.7283086605238,0.2,0.24
"291","2070","Saxifraga gemmipara",21782.6,102.254903032954,25.2134915427238,2365.19,-0.88,375.237464211987,0.124008715847431,"0",23.6979444601175,0.0321586263628554,-2.31881101244458,"0",256.909946999457,0.41,0.41
"292","2070","Saxifraga gemmulosa",6172.75,-7.19898648648649,37.4683558558559,594.63,-0.84,205.167204214381,0.16111298142375,"0",87.7580170709425,0.197931124015538,-1.80810487211349,"0",200.706072972123,0.37,0.37
"293","2070","Saxifraga genesiana",21476.26,1.02615119651922,43.3944434372734,550.05,-0.52,90.6250117732484,0.43201340411759,"0",70.5193020082794,0.617405040588988,-0.681885767310369,"0",75.7623347139749,0.17,0.19
"294","2070","Saxifraga geranioides",30841.22,7.43858867775139,46.2320566112431,1155.34,-0.77,326.33638073886,0.220581046455937,"0",456.408983283647,0.965785823970968,-1.80036304386176,"0",200.152506892854,0.3,0.31
"295","2070","Saxifraga glacialis",373625.03,98.3374582590827,32.4146709290565,4419.63,-0.34,29.2273285270173,0.65687879251691,"0",89.6131906397611,0.99995546740025,0.0243886953173273,"1",2.70455697889634,0.1,0.1
"296","2070","Saxifraga globulifera",10701.21,-7.85819055036345,36.1499221183801,1096.87,-0.83,175.645985867455,0.151016346213449,"0",168.822437177146,0.397792957178068,-1.5626820482866,"0",173.420787780344,0.36,0.38
"297","2070","Saxifraga granulata",309964.46,13.1366607062311,59.0073708035312,98,-0.7,69.952635512935,0.272691860277673,"0",605.651298745337,0.964415469719553,0.561227093876205,"0",62.5152977750142,0.26,0.28
"298","2070","Saxifraga haenseleri",5457.93,-3.91519764957265,35.5592948717949,1329.12,-0.81,242.939980208188,0.188801839171894,"0",121.268232833424,0.277370337093114,-1.93936644011945,"0",215.209298759,0.34,0.34
"299","2070","Saxifraga hariotii",17268.6,5.76076449912127,44.8490407147042,2386.01,-0.53,71.2588611328151,0.375127105135141,"0",96.0434252566599,0.423362884104228,-0.357117710204264,"0",39.6873185050983,0.17,0.22
"300","2070","Saxifraga hederacea",3862.09,24.9774698340875,35.3977187028658,817.85,-0.88,11.1349921252499,0.115837100011153,"0",111.264164068628,0.952038799091249,0.0167776382269764,"0",1.86144073065827,0.42,0.42
"301","2070","Saxifraga hirculus",2896376.31,-2.73490685635232,58.8640020796752,1646.69,-0.24,205.359012651571,0.653642520099717,"0",1114.93908054882,0.998998540530009,0.614785287695256,"0",68.4793409377841,0.07,0.1
"302","2070","Saxifraga hirsuta",125823.15,-2.23237476808905,51.3978174603175,631.85,0.06,77.7798046735531,0.544125173092129,"0",362.168240069326,0.700207615825084,-0.670643980575484,"0",74.6173745683129,0,0.14
"303","2070","Saxifraga hispidula",173016.29,89.7418763102725,28.3704863370202,4185.51,-0.42,205.548221186151,0.561807158867646,"0",227.868315579004,0.793166929017663,-0.116586643233752,"1",12.9208779738507,0.13,0.13
"304","2070","Saxifraga hostii",18768.81,12.5421037296037,47.0694606319606,1970.38,-0.79,9.88858591426449,0.204902900104548,"0",155.899592876292,0.889255877583806,-0.00300636473903637,"0",0.334224259057243,0.33,0.33
"305","2070","Saxifraga hyperborea",2131560.93,-40.2079584875301,70.9226136591544,582.56,-0.24,351.29965180737,0.608576849460166,"0",1383.79958955364,0.995160221213903,2.07617018160748,"0",231.618517221206,0.07,0.12
"306","2070","Saxifraga hypnoides",82841.26,-11.4582443019943,61.8537121382516,434.9,-0.41,126.727650193375,0.510475924794646,"0",94.6937775271033,0.511212050971525,-0.0421992506572977,"0",4.70283359308723,0.12,0.15
"307","2070","Saxifraga implicans",227763.63,90.001670226165,28.9943595640983,4562.17,-0.35,251.603245383466,0.619989948862699,"0",235.042570528866,0.809459602472308,0.00701972115559713,"1",0.778035102009927,0.1,0.11
"308","2070","Saxifraga intricata",28026.43,8.65870258696032,46.669823894424,1567.12,-0.66,377.915735742298,0.307583114963855,"0",470.543470373186,0.984040753049355,-1.30445677875728,"0",145.025744747007,0.24,0.26
"309","2070","Saxifraga irrigua",259.82,38.2267156862745,44.4424019607843,100.71,-0.94,115.076153414262,0.062583250631748,"0",75.8131127350512,0.475427413587502,-0.163083271283199,"0",18.1222167887385,0.5,0.5
"310","2070","Saxifraga latepetiolata",82974.85,-0.230834937439845,41.9587864934232,767.73,0.13,20.0521767744182,0.644749448599173,"0",141.329996459696,0.985058041587106,0.148998725590239,"0",16.5494430018826,0,0.1
"311","2070","Saxifraga longifolia",31897.14,2.28771929824561,45.4628189792664,1655.86,-0.63,94.6623295914278,0.348817514496606,"0",62.8192231846246,0.459733217953216,0.697315933387806,"0",77.4955148427646,0.22,0.23
"312","2070","Saxifraga losae",185381.46,0.853795726211277,43.8363303242089,593.9,0.87,11.0083280680401,0.989622080746908,"0",28.9923170205438,0.998522658909161,-0.0956249017406492,"0",10.6248809393557,0,0
"313","2070","Saxifraga maderensis",431.77,-17.0104166666667,32.7482638888889,919.33,0.6,0.429197996629847,0.9999838593507,"0",2.38425598957126,0.86220222189394,0.0027928743961354,"0",0.309729665666224,0,0
"314","2070","Saxifraga magellanica",324787.28,-72.7406638964348,-38.3104088969719,1665.41,-0.3,36.8844763165547,0.674040219749704,"0",310.015166295079,0.999821728505283,0.331716980621763,"0",36.8203242953198,0.09,0.09
"315","2070","Saxifraga mertensiana",435580.99,-130.479118192485,52.0495188626714,627.34,0.01,10.5214794430741,0.885434198968256,"0",237.752475329258,0.922538595657247,-0.091466084088232,"0",10.1773545571992,0,0.03
"316","2070","Saxifraga moncayensis",76745.85,1.35235099563557,43.2092965766503,1063.29,0.22,48.9797133728408,0.917589468625469,"0",43.3477441313545,0.759887937470716,-0.311845462177992,"0",34.6459857458218,0,0.02
"317","2070","Saxifraga muscoides",33129.61,11.3432962794918,45.0433681185723,1680.26,0.63,119.802774427463,0.977859815906996,"0",158.327124781357,0.999388673371674,-0.08129879034243,"0",9.03501255731259,0,0.01
"318","2070","Saxifraga mutata",166845.42,13.3074936427209,44.6854830775285,596.26,0.17,89.5480765273002,0.600650285058658,"0",109.450857842293,0.547601278851747,-0.735856262057887,"0",81.7777824697471,0,0.12
"319","2070","Saxifraga nevadensis",578612.65,-2.5336167589608,41.1780983965617,628.8,0.51,13.692802775698,0.995761181359782,"0",32.8056558326575,0.55604648791207,-0.122472704781707,"0",13.6016394100893,0,0
"320","2070","Saxifraga nipponica",254493.74,132.525369973464,42.4225096958563,492.39,1.38,63.5462836870299,0.503707471067937,"0",219.43387137263,0.912053371272156,0.0975752356726431,"0",10.8387104304521,0,0.16
"321","2070","Saxifraga oppositifolia",766304.04,-14.8487040732781,65.9084998386119,501.93,-0.19,162.53820683468,0.643955655658673,"0",695.402845923394,0.978666047992642,0.363203138451823,"0",40.4983965850583,0.05,0.1
"322","2070","Saxifraga osloensis",355471.42,17.0838708914264,57.9785279057052,97.01,0.44,297.213730254454,0.716478096736916,"0",181.836375312471,0.372507830903138,0.208973536048426,"0",23.2745164492071,0,0.08
"323","2070","Saxifraga paniculata",759605.22,-23.4585846423096,58.3637097785106,562.94,-0.21,116.487884674993,0.607407658892163,"0",504.684598858639,0.989384738335634,1.01412030942711,"0",112.947756953774,0.06,0.12
"324","2070","Saxifraga paradoxa",201965.18,13.9017483211784,47.0106159891208,737.62,1.86,8.43047940159031,0.999586396827263,"0",40.1653682173428,0.711897207234487,0.00214481981223713,"0",0.238441822669626,0,0
"325","2070","Saxifraga pentadactylis",37406.18,0.734633281270338,48.3249788494078,1260.71,-0.73,21.6975776535052,0.234065479401454,"0",273.394292603978,0.993092292855245,0.132101366587491,"0",14.6890586176605,0.28,0.3
"326","2070","Saxifraga petraea",218444.4,12.0228889890291,47.0866337873022,1046.37,0.03,19.8222332295185,0.909441879121915,"0",42.9212152240553,0.971066767696612,0.0456448669816183,"0",5.0744350829405,0,0.02
"327","2070","Saxifraga porophylla",49744.65,9.84375308459185,46.1350002467673,2191.52,-0.72,36.5700725948451,0.277107848732425,"0",113.468773367921,0.998661477267175,0.137603816285043,"0",15.2950235599118,0.27,0.27
"328","2070","Saxifraga praetermissa",30211.67,5.41506095565374,46.3054225985927,1933.04,-0.38,232.830419234661,0.317391913689943,"0",324.008476992673,0.950317236231843,-1.13688640086352,"0",126.385817958289,0.11,0.25
"329","2070","Saxifraga pseudohirculus",1431788.82,90.1801328676837,29.01909371198,2320.2,0.11,12.9591781519231,0.999999999448855,"0",55.8540190618697,0.968444174060198,0.113036174232541,"0",12.5283810545517,0,0
"330","2070","Saxifraga pubescens",33816,4.79059667673716,47.6949809379945,1118.41,-0.44,177.379303554706,0.286162193213071,"0",244.356019904872,0.867963703457949,-0.745644062005461,"0",82.9093859636597,0.13,0.27
"331","2070","Saxifraga retusa",148867.98,2.23698120276258,49.2208512509773,973.09,-0.51,95.0685133072123,0.466310395637717,"0",29.3434518352074,0.135331528949225,-0.668176735139909,"0",74.3149328013436,0.16,0.17
"332","2070","Saxifraga reuteriana",13717.99,-6.09114252435409,36.6961827615417,639.54,-0.76,246.406333758876,0.240635741769838,"0",112.699804997437,0.273703154864988,-2.06758280285918,"0",229.483919287518,0.3,0.3
"333","2070","Saxifraga rivularis",416079.22,-7.99567725050447,69.6658193840653,531.2,0.02,52.3264929203446,0.571069100973511,"0",674.112551583494,0.997866553059109,0.452987614486702,"0",50.5329655998917,0,0.13
"334","2070","Saxifraga rotundifolia",108992.26,10.5645576131687,45.9494782480894,1724.66,-0.38,8.58366208299599,0.551533726522806,"0",115.474952584563,0.992480677642064,0.00406384741729937,"0",0.451697826224659,0.11,0.14
"335","2070","Saxifraga rufescens",162635.11,99.4673334296168,28.2727349316387,3796.21,-0.52,35.3324049864679,0.474500687144693,"0",156.269601066764,0.885189418003936,-0.111176637726359,"1",12.3211248356506,0.17,0.17
"336","2070","Saxifraga scardica",36086.2,17.3208224779273,43.3331976407584,1620.77,-0.82,7.55988362277043,0.181552088305047,"0",149.883928352979,0.96917327228589,-0.0495955462286162,"0",5.51005101763063,0.35,0.35
"337","2070","Saxifraga scleropoda",44883.18,43.5355796211855,42.5062478077867,2456.62,-0.53,31.7798350463353,0.430872477938369,"0",101.83923972685,0.999992729851094,0.265091101551242,"0",29.4464641779671,0.17,0.19
"338","2070","Saxifraga sedoides",20294.18,10.3821553386358,46.7087400578453,2426.3,-0.74,22.6750996809203,0.213158159624071,"0",146.815013043606,0.999255008429545,-0.0204458811001587,"0",2.27287369261838,0.29,0.32
"339","2070","Saxifraga seguieri",38784.7,9.77182878270762,46.5325101125016,2232.78,-0.52,6.96275424508904,0.4229920690281,"0",180.503211383212,0.995429851301039,0.0111830982835741,"0",1.24313120216842,0.17,0.19
"340","2070","Saxifraga sempervivum",49125.7,28.4633615770855,38.3506861234737,996.44,-0.56,36.8912668377334,0.296648045422098,"0",160.544942171655,0.987800482702579,-0.233831562864509,"0",25.9565530151758,0.18,0.26
"341","2070","Saxifraga serpyllifolia",1927754.34,-50.2478659483635,67.4089070411849,499.63,-0.37,443.290950242681,0.411379699469415,"0",2413.43704936496,0.996417691410298,0.436437397778832,"0",48.6734616464338,0.11,0.2
"342","2070","Saxifraga sibthorpii",244160.5,26.4960276251731,39.7174477421948,535.69,-0.37,66.7620652678631,0.626274498386235,"0",172.746087600864,0.997575002872892,-0.107229754338441,"0",11.9057449709046,0.11,0.11
"343","2070","Saxifraga signata",570121.52,99.7262061541034,32.7613808583135,3891.42,-0.28,131.311366589253,0.721555391906688,"0",130.834797427682,0.747454398492448,-0.270658698167885,"1",30.0167592220956,0.08,0.08
"344","2070","Saxifraga sinomontana",66816.63,97.9119180633147,29.1998370577281,4530.69,-0.55,29.6920994694188,0.4530961441839,"0",68.8735279450577,0.982967118762773,-0.237143541110864,"1",26.2852360845767,0.18,0.18
"345","2070","Saxifraga spathularis",49724.43,-5.05348095737247,52.3366854472397,460.66,-0.07,107.380719208852,0.43687443068569,"0",463.23117630719,0.683248857847137,-0.958809434715072,"0",106.698995693475,0.02,0.19
"346","2070","Saxifraga squarrosa",10974.17,13.2335850111857,46.2834731543624,2079.86,-0.96,141.914293156024,0.0381680015006965,"0",383.872755714608,0.906882457552336,-0.164659029545632,"0",18.3032447084858,0.56,0.56
"347","2070","Saxifraga stolonifera",489587.93,127.748720780001,33.2865355146926,431.48,0.05,256.466846997834,0.814966781671241,"0",164.038423351325,0.444850919271103,1.31598245180328,"0",145.939675405508,0,0.05
"348","2070","Saxifraga strigosa",251186.51,100.936066968627,25.3721979118686,2389.99,-0.49,179.633935348333,0.502907924630144,"0",56.9377374187478,0.137766979389892,-1.39160075183369,"0",154.174151935658,0.16,0.16
"349","2070","Saxifraga styriaca",17297.91,9.80881832342113,46.645585528179,2409.61,-0.73,24.8034729740686,0.268826816498414,"0",97.1680099678187,0.935302112028032,-0.060639535295806,"0",6.7409646908538,0.28,0.28
"350","2070","Saxifraga svalbardensis",113774.82,24.5470677001911,70.7164755949279,295.04,-0.01,68.3340290275139,0.898257418524483,"0",17.624361346216,0.114667829556324,0.582548692703199,"0",64.993411411593,0,0.03
"351","2070","Saxifraga tangutica",583837.34,98.439563841497,33.5968578650197,4323.03,-0.31,50.3667490426103,0.681517147576276,"0",29.8531161811668,0.385620363613226,-0.314615923308722,"1",34.89655471044,0.09,0.09
"352","2070","Saxifraga taygetea",10772.12,22.215628090999,41.2868447082097,1715.95,-0.77,51.9743309506896,0.218775880454911,"0",49.8732801323698,0.55778112681395,0.158652700412425,"0",17.6196391179112,0.31,0.32
"353","2070","Saxifraga taylorii",5529.45,-131.100175233645,53.2386098130841,471,-0.9,90.85748667578,0.101208664964818,"0",187.429467837171,0.993753491383127,0.61327912525342,"0",68.2487585851983,0.43,0.44
"354","2070","Saxifraga terektensis",1578670.4,94.0260604019809,58.2011934143102,978.78,-0.34,89.3956862779437,0.572343909414145,"0",821.545770723248,0.977097772555826,0.387557673889319,"0",43.1653123937602,0.1,0.13
"355","2070","Saxifraga tridactylites",492816.24,4.06906875176106,52.3771143720062,113.82,-0.51,173.039830965343,0.406698813938738,"0",294.788526026736,0.775503542234864,0.687623025092179,"0",76.5104269296223,0.16,0.2
"356","2070","Saxifraga trifurcata",8338.2,0.821776729559749,42.700393081761,1759.51,-0.83,37.5673863007341,0.161343281666386,"0",173.751596463939,0.780893553069291,-0.281394816884685,"0",31.2600491901799,0.36,0.37
"357","2070","Saxifraga tsangchanensis",133580.23,100.980723456434,25.2009701384882,2441.96,-0.53,193.756202366759,0.464805466536222,"0",16.8365732503576,0.0445355584456216,-1.47062847246778,"0",162.926597966962,0.17,0.17
"358","2070","Saxifraga umbrosa",9119.51,5.30591736694678,44.4040266106443,2228.22,-0.87,7.54887441801403,0.128081169043854,"0",363.856182508232,0.960584181570273,0.0641791928038842,"0",7.1315601870524,0.4,0.4
"359","2070","Saxifraga valdensis",47454.58,9.38589485111662,46.2768300248139,2215.05,-0.63,12.5608997955372,0.365960302247295,"0",45.7034595384697,0.974575758130787,-0.0887698242806678,"0",9.8674399706044,0.22,0.22
"360","2070","Saxifraga vayredana",85086.81,0.526043565439301,43.7779119577105,645.19,-0.38,40.2433931233375,0.621377677166027,"0",33.6719637203944,0.708249207372063,-0.230979694957767,"0",25.6641910966056,0.11,0.11
